<?xml version="1.0" encoding="UTF-8"?><results>
<poi id="poi3" interactionfeedback="click">
<name><![CDATA[Ein UFO]]></name>
<author>metaio GmbH</author>
<date/>
<l>48.161036,11.55107,0</l>
<o>0,0,0</o>
<mime-type>model/md2</mime-type>
<mainresource>http://www.junaio.com/publisherDownload/tutorial/ufo3.md2_enc</mainresource>
<route>false</route>
<s>8</s>
<force3d>true</force3d>
<resources>
	<resource>http://www.junaio.com/publisherDownload/tutorial/texture_ufo.png</resource> 
</resources>
<behaviours>
	<behaviour type="idle">
		<length>0</length>
		<node_id>idle</node_id>
	</behaviour> 
	<behaviour type="click">
		<length>0</length>
		<node_id>explosion</node_id>
	</behaviour> 
</behaviours>
</poi>
</results>
